Course,courses available
AnnaUniv,Medical and Electrical and Chemical and ComputerScience and Mechanical and Bio
MIT,Medical and Electrical and Chemical and ComputerScience and Mechanical and Bio
HarvardUniversity,Medical and Electrical and Chemical and ComputerScience and Mechanical and Bio
QueensUniversity,Medical and Electrical and Chemical and ComputerScience and Mechanical and Bio
Oxford,Medical and Electrical and Chemical and ComputerScience and Mechanical and Bio
NUS,Medical and Electrical and Chemical and ComputerScience and Mechanical and Bio
UniversityOfTorronto,Medical and Electrical and Chemical and ComputerScience and Mechanical and Bio

Common Courses ,
